{"Average Skill Match Proportion Before": 0.05793650793650794, "Average Skill Match Proportion After": 0.3934863366376777, "Median Skill Match Proportion Before": 0.03571428571428571, "Median Skill Match Proportion After": 0.3035714285714286, "Semantics Before": {"precision": [0.8097526431083679, 0.8608798980712891, 0.8140611052513123, 0.8555318713188171, 0.8092678189277649, 0.8526890873908997, 0.8139035701751709, 0.858191192150116, 0.802081823348999, 0.8566551804542542, 0.7961442470550537, 0.8578318953514099, 0.8220723271369934, 0.8589282035827637, 0.799746036529541, 0.8421057462692261, 0.815498948097229, 0.8601125478744507, 0.7841781377792358, 0.8582000136375427, 0.8157432675361633, 0.875969409942627, 0.8162735104560852, 0.8738822937011719, 0.8091509342193604, 0.852841854095459, 0.8213365077972412, 0.8699835538864136, 0.7974941730499268, 0.8531808853149414, 0.8157837986946106, 0.8592566847801208, 0.7974941730499268, 0.8531808853149414, 0.806237518787384, 0.8738404512405396, 0.8122567534446716, 0.8546808958053589, 0.7919595241546631, 0.847932755947113, 0.8077401518821716, 0.861132800579071, 0.8101240396499634, 0.8548623323440552, 0.8090238571166992, 0.8635523319244385, 0.813974142074585, 0.8595762848854065, 0.8128147721290588, 0.8637785911560059, 0.8088725209236145, 0.8594781160354614, 0.8118212223052979, 0.8453463315963745, 0.809830904006958, 0.8562723398208618, 0.8109679818153381, 0.8546321988105774, 0.8032605051994324, 0.8636364936828613, 0.8014514446258545, 0.8686414957046509, 0.7873615622520447, 0.8555212616920471, 0.8150468468666077, 0.8667634129524231, 0.8016833662986755, 0.8617795705795288, 0.803492546081543, 0.8510516881942749, 0.809893012046814, 0.8563812375068665, 0.7962021231651306, 0.8568072319030762, 0.8101240396499634, 0.8548623323440552, 0.815498948097229, 0.8601125478744507, 0.7897987961769104, 0.8562498688697815, 0.7904300689697266, 0.867255687713623, 0.8127383589744568, 0.871734082698822, 0.8168063163757324, 0.8779400587081909, 0.8092708587646484, 0.8628049492835999, 0.8059045076370239, 0.8738404512405396, 0.8155370950698853, 0.8765845894813538, 0.8091738820075989, 0.8497546315193176, 0.8157837986946106, 0.8592566847801208, 0.8076271414756775, 0.8636476397514343, 0.805041491985321, 0.8655866384506226, 0.8148375153541565, 0.8590397238731384, 0.8162735104560852, 0.8738822937011719, 0.8110871315002441, 0.8570079207420349, 0.8173819780349731, 0.8529212474822998], "recall": [0.8072215914726257, 0.8652244806289673, 0.8321459293365479, 0.8669735789299011, 0.8230001330375671, 0.8599163293838501, 0.8430494070053101, 0.8681013584136963, 0.8027292490005493, 0.8687722682952881, 0.8116692304611206, 0.8552605509757996, 0.8106759786605835, 0.862515926361084, 0.8133931159973145, 0.8625921607017517, 0.8106681108474731, 0.8576911091804504, 0.8052002191543579, 0.8593003749847412, 0.8194055557250977, 0.8691222667694092, 0.8218384981155396, 0.8657712340354919, 0.8129025101661682, 0.8542569279670715, 0.81673264503479, 0.8667232394218445, 0.808417558670044, 0.8470373153686523, 0.8196646571159363, 0.860946774482727, 0.808417558670044, 0.8470373153686523, 0.8072054386138916, 0.8712549209594727, 0.8221455812454224, 0.8639184832572937, 0.797897219657898, 0.850277841091156, 0.8126702904701233, 0.8629567623138428, 0.8119204640388489, 0.862099826335907, 0.8107095956802368, 0.8638138771057129, 0.8156237602233887, 0.8612039089202881, 0.8132245540618896, 0.8646401166915894, 0.809428870677948, 0.8571109771728516, 0.8161322474479675, 0.8513186573982239, 0.8225381970405579, 0.8681162595748901, 0.8041239976882935, 0.8543893098831177, 0.8130805492401123, 0.8599125146865845, 0.8070260882377625, 0.866402268409729, 0.8099508285522461, 0.8633302450180054, 0.8166422247886658, 0.8670752644538879, 0.8036968111991882, 0.8628960847854614, 0.8143200874328613, 0.8482347130775452, 0.8113831877708435, 0.8639135360717773, 0.8115768432617188, 0.8546688556671143, 0.8119204640388489, 0.862099826335907, 0.8106681108474731, 0.8576911091804504, 0.773799479007721, 0.8481884002685547, 0.8005996346473694, 0.8518954515457153, 0.8130513429641724, 0.8619890809059143, 0.8157153129577637, 0.8659889698028564, 0.8100764751434326, 0.867206871509552, 0.808849573135376, 0.8712549209594727, 0.8193956017494202, 0.8700515627861023, 0.8203173875808716, 0.8611941337585449, 0.8196646571159363, 0.860946774482727, 0.81465083360672, 0.8671473264694214, 0.8057335019111633, 0.8589648008346558, 0.8249228000640869, 0.8668140769004822, 0.8218384981155396, 0.8657712340354919, 0.8122011423110962, 0.8644999265670776, 0.820695698261261, 0.8543081283569336], "f1": [0.8084851503372192, 0.8630467653274536, 0.8230041265487671, 0.8612147569656372, 0.8160762190818787, 0.85628741979599, 0.8282201290130615, 0.8631178140640259, 0.8024054169654846, 0.8626711964607239, 0.8038317561149597, 0.8565442562103271, 0.8163343667984009, 0.860718309879303, 0.8065118789672852, 0.8522258996963501, 0.813076376914978, 0.8589001297950745, 0.7945501804351807, 0.8587498068809509, 0.8175703287124634, 0.8725324273109436, 0.8190464973449707, 0.8698078393936157, 0.8110224008560181, 0.8535488843917847, 0.8190280795097351, 0.8683503270149231, 0.8029186725616455, 0.8500980138778687, 0.8177196383476257, 0.8601009249687195, 0.8029186725616455, 0.8500980138778687, 0.8067212700843811, 0.8725457787513733, 0.8171712756156921, 0.8592749238014221, 0.7949172258377075, 0.8491036891937256, 0.8101977109909058, 0.8620437979698181, 0.8110212087631226, 0.858465850353241, 0.8098658919334412, 0.8636831045150757, 0.8147981762886047, 0.8603893518447876, 0.8130196332931519, 0.8642091751098633, 0.8091506361961365, 0.8582928776741028, 0.8139709830284119, 0.8483219146728516, 0.8161351084709167, 0.8621536493301392, 0.8075314164161682, 0.8545107245445251, 0.8081406950950623, 0.8617704510688782, 0.8042290806770325, 0.8675204515457153, 0.798496425151825, 0.8594080209732056, 0.8158437609672546, 0.8669193387031555, 0.8026888370513916, 0.8623374700546265, 0.8088700771331787, 0.8496408462524414, 0.8106374740600586, 0.8601309061050415, 0.8038159608840942, 0.8557367324829102, 0.8110212087631226, 0.858465850353241, 0.813076376914978, 0.8589001297950745, 0.7817173004150391, 0.8522000908851624, 0.7954823970794678, 0.8595069646835327, 0.8128948211669922, 0.8668342232704163, 0.8162604570388794, 0.871923565864563, 0.8096734881401062, 0.865000307559967, 0.8073743581771851, 0.8725457787513733, 0.8174617886543274, 0.8733058571815491, 0.8147074580192566, 0.8554362058639526, 0.8177196383476257, 0.8601009249687195, 0.811123788356781, 0.8653939962387085, 0.8053873777389526, 0.862263023853302, 0.8198491334915161, 0.8629093766212463, 0.8190464973449707, 0.8698078393936157, 0.8116437792778015, 0.860737681388855, 0.8190354108810425, 0.853614091873169], "hashcode": "roberta-large_L17_no-idf_version=0.3.12(hug_trans=4.44.2)"},